GENE,DIPLOTYPE,Activity_Score,Phenotype
CYP2C9,*1/*1,2.0,Normal Metabolizer
CYP2C9,*1/*2,1.5,Intermediate Metabolizer
CYP2C9,*1/*3,1.0,Intermediate Metabolizer
CYP2C9,*2/*2,1.0,Intermediate Metabolizer
CYP2C9,*2/*3,0.5,Poor Metabolizer
CYP2C9,*3/*3,0.0,Poor Metabolizer
CYP2C19,*1/*1,n/a,Normal Metabolizer
CYP2C19,*1/*2,n/a,Intermediate Metabolizer
CYP2C19,*1/*3,n/a,Intermediate Metabolizer
CYP2C19,*1/*17,n/a,Rapid Metabolizer
CYP2C19,*2/*2,n/a,Poor Metabolizer
CYP2C19,*2/*3,n/a,Poor Metabolizer
CYP2C19,*2/*17,n/a,Intermediate Metabolizer
CYP2C19,*3/*3,n/a,Poor Metabolizer
CYP2C19,*3/*17,n/a,Intermediate Metabolizer
CYP2C19,*17/*17,n/a,Ultrarapid Metabolizer
DPYD,*1/*1,2.0,Normal Metabolizer
DPYD,*1/*2A,1.0,Intermediate Metabolizer
DPYD,*1/*13,1.0,Intermediate Metabolizer
DPYD,*1/c.2846A>T,1.5,Intermediate Metabolizer
DPYD,*1/HapB3,1.5,Intermediate Metabolizer
DPYD,*2A/*2A,0.0,Poor Metabolizer
DPYD,*2A/*13,0.0,Poor Metabolizer
DPYD,*2A/c.2846A>T,0.5,Poor Metabolizer
DPYD,*2A/HapB3,0.5,Poor Metabolizer
DPYD,*13/*13,0.0,Poor Metabolizer
DPYD,*13/c.2846A>T,0.5,Poor Metabolizer
DPYD,*13/HapB3,0.5,Poor Metabolizer
DPYD,c.2846A>T/c.2846A>T,1.0,Intermediate Metabolizer
DPYD,c.2846A>T/HapB3,1.0,Intermediate Metabolizer
DPYD,HapB3/HapB3,1.0,Intermediate Metabolizer
NUDT15,*1/*1,n/a,Normal Metabolizer
NUDT15,*1/*2,n/a,Intermediate Metabolizer
NUDT15,*1/*3,n/a,Intermediate Metabolizer
NUDT15,*2/*2,n/a,Poor Metabolizer
NUDT15,*2/*3,n/a,Poor Metabolizer
NUDT15,*3/*3,n/a,Poor Metabolizer
TPMT,*1/*1,n/a,Normal Metabolizer
TPMT,*1/*2,n/a,Intermediate Metabolizer
TPMT,*1/*3A,n/a,Intermediate Metabolizer
TPMT,*1/*3B,n/a,Intermediate Metabolizer
TPMT,*1/*3C,n/a,Intermediate Metabolizer
TPMT,*1/*4,n/a,Intermediate Metabolizer
TPMT,*2/*2,n/a,Poor Metabolizer
TPMT,*2/*3A,n/a,Poor Metabolizer
TPMT,*2/*3B,n/a,Poor Metabolizer
TPMT,*2/*3C,n/a,Poor Metabolizer
TPMT,*2/*4,n/a,Poor Metabolizer
TPMT,*3A/*3A,n/a,Poor Metabolizer
TPMT,*3A/*3B,n/a,Poor Metabolizer
TPMT,*3A/*3C,n/a,Poor Metabolizer
TPMT,*3A/*4,n/a,Poor Metabolizer
TPMT,*3B/*3B,n/a,Poor Metabolizer
TPMT,*3B/*3C,n/a,Poor Metabolizer
TPMT,*3B/*4,n/a,Poor Metabolizer
TPMT,*3C/*3C,n/a,Poor Metabolizer
TPMT,*3C/*4,n/a,Poor Metabolizer
TPMT,*4/*4,n/a,Poor Metabolizer
